<BackupInst xmlns="http://www.microsoft.com/GroupPolicy/GPOOperations/Manifest"><GPOGuid><![CDATA[{654952A6-38B1-4FBA-B5FD-104E0520D046}]]></GPOGuid><GPODomain><![CDATA[motocorp.org]]></GPODomain><GPODomainGuid><![CDATA[{112a34d2-6abe-4f87-be67-af24f670a98f}]]></GPODomainGuid><GPODomainController><![CDATA[WIN-TEOSGGLJ4GN.motocorp.org]]></GPODomainController><BackupTime><![CDATA[2025-04-09T06:22:28]]></BackupTime><ID><![CDATA[{1853CE9E-906A-4692-8560-1A8E9D6F972C}]]></ID><Comment><![CDATA[]]></Comment><GPODisplayName><![CDATA[Domain Good-GPO]]></GPODisplayName></BackupInst>
