<BackupInst xmlns="http://www.microsoft.com/GroupPolicy/GPOOperations/Manifest"><GPOGuid><![CDATA[{A04AE7D5-00E1-4C12-8E85-9D05E6641D32}]]></GPOGuid><GPODomain><![CDATA[motocorp.org]]></GPODomain><GPODomainGuid><![CDATA[{112a34d2-6abe-4f87-be67-af24f670a98f}]]></GPODomainGuid><GPODomainController><![CDATA[WIN-TEOSGGLJ4GN.motocorp.org]]></GPODomainController><BackupTime><![CDATA[2025-04-09T06:22:29]]></BackupTime><ID><![CDATA[{1F32CE55-6B86-431F-B37D-B5DABB9EB8C6}]]></ID><Comment><![CDATA[]]></Comment><GPODisplayName><![CDATA[Domain Allow AD + Core + Default Block]]></GPODisplayName></BackupInst>
