<BackupInst xmlns="http://www.microsoft.com/GroupPolicy/GPOOperations/Manifest"><GPOGuid><![CDATA[{BAAB76CA-C455-4B27-AC22-E69972F5E160}]]></GPOGuid><GPODomain><![CDATA[motocorp.org]]></GPODomain><GPODomainGuid><![CDATA[{112a34d2-6abe-4f87-be67-af24f670a98f}]]></GPODomainGuid><GPODomainController><![CDATA[WIN-TEOSGGLJ4GN.motocorp.org]]></GPODomainController><BackupTime><![CDATA[2025-04-10T06:34:47]]></BackupTime><ID><![CDATA[{9CDD7733-36C7-4306-B831-03C4C6D3FC80}]]></ID><Comment><![CDATA[]]></Comment><GPODisplayName><![CDATA[Domain Good-GPO]]></GPODisplayName></BackupInst>
