<BackupInst xmlns="http://www.microsoft.com/GroupPolicy/GPOOperations/Manifest"><GPOGuid><![CDATA[{0B2845FE-779C-4070-B647-76B8D4E5D685}]]></GPOGuid><GPODomain><![CDATA[motocorp.org]]></GPODomain><GPODomainGuid><![CDATA[{112a34d2-6abe-4f87-be67-af24f670a98f}]]></GPODomainGuid><GPODomainController><![CDATA[WIN-TEOSGGLJ4GN.motocorp.org]]></GPODomainController><BackupTime><![CDATA[2025-04-10T06:34:43]]></BackupTime><ID><![CDATA[{A1C81038-DF88-4D45-A6F3-6FBAA3C90C05}]]></ID><Comment><![CDATA[]]></Comment><GPODisplayName><![CDATA[Workstations RDP Enable]]></GPODisplayName></BackupInst>
