<?xml version="1.0" encoding="utf-8"?><!-- Copyright (c) Microsoft Corporation.  All rights reserved. --><GroupPolicyBackupScheme bkp:version="2.0" bkp:type="GroupPolicyBackupTemplate" xmlns:bkp="http://www.microsoft.com/GroupPolicy/GPOOperations" xmlns="http://www.microsoft.com/GroupPolicy/GPOOperations">
    <GroupPolicyObject><SecurityGroups><Group bkp:Source="FromDACL"><Sid><![CDATA[S-1-5-21-4101766452-2419743885-86533991-500]]></Sid><SamAccountName><![CDATA[Administrator]]></SamAccountName><Type><![CDATA[User]]></Type><NetBIOSDomainName><![CDATA[MOTOCORP]]></NetBIOSDomainName><DnsDomainName><![CDATA[motocorp.org]]></DnsDomainName><UPN><![CDATA[Administrator@motocorp.org]]></UPN></Group><Group bkp:Source="FromDACL"><Sid><![CDATA[S-1-5-21-4101766452-2419743885-86533991-519]]></Sid><SamAccountName><![CDATA[Enterprise Admins]]></SamAccountName><Type><![CDATA[UniversalGroup]]></Type><NetBIOSDomainName><![CDATA[MOTOCORP]]></NetBIOSDomainName><DnsDomainName><![CDATA[motocorp.org]]></DnsDomainName><UPN><![CDATA[Enterprise Admins@motocorp.org]]></UPN></Group><Group bkp:Source="FromDACL"><Sid><![CDATA[S-1-5-21-4101766452-2419743885-86533991-512]]></Sid><SamAccountName><![CDATA[Domain Admins]]></SamAccountName><Type><![CDATA[GlobalGroup]]></Type><NetBIOSDomainName><![CDATA[MOTOCORP]]></NetBIOSDomainName><DnsDomainName><![CDATA[motocorp.org]]></DnsDomainName><UPN><![CDATA[Domain Admins@motocorp.org]]></UPN></Group></SecurityGroups><FilePaths/><GroupPolicyCoreSettings><ID><![CDATA[{0F8CF1EC-06E7-467B-859D-DD59D71568A8}]]></ID><Domain><![CDATA[motocorp.org]]></Domain><SecurityDescriptor>01 00 04 9c 00 00 00 00 00 00 00 00 00 00 00 00 14 00 00 00 04 00 10 01 09 00 00 00 05 02 28 00 00 01 00 00 01 00 00 00 8f fd ac ed b3 ff d1 11 b4 1d 00 a0 c9 68 f9 39 01 01 00 00 00 00 00 05 0b 00 00 00 00 00 24 00 ff 00 0f 00 01 05 00 00 00 00 00 05 15 00 00 00 34 fd 7b f4 8d 5c 3a 90 67 67 28 05 00 02 00 00 00 02 24 00 37 00 02 00 01 05 00 00 00 00 00 05 15 00 00 00 34 fd 7b f4 8d 5c 3a 90 67 67 28 05 f4 01 00 00 00 02 24 00 ff 00 0f 00 01 05 00 00 00 00 00 05 15 00 00 00 34 fd 7b f4 8d 5c 3a 90 67 67 28 05 00 02 00 00 00 02 24 00 ff 00 0f 00 01 05 00 00 00 00 00 05 15 00 00 00 34 fd 7b f4 8d 5c 3a 90 67 67 28 05 07 02 00 00 00 02 14 00 94 00 02 00 01 01 00 00 00 00 00 05 09 00 00 00 00 02 14 00 94 00 02 00 01 01 00 00 00 00 00 05 0b 00 00 00 00 02 14 00 ff 00 0f 00 01 01 00 00 00 00 00 05 12 00 00 00 00 0a 14 00 ff 00 0f 00 01 01 00 00 00 00 00 03 00 00 00 00</SecurityDescriptor><DisplayName><![CDATA[Good-GPO]]></DisplayName><Options><![CDATA[0]]></Options><UserVersionNumber><![CDATA[0]]></UserVersionNumber><MachineVersionNumber><![CDATA[6357089]]></MachineVersionNumber><MachineExtensionGuids><![CDATA[[{35378EAC-683F-11D2-A89A-00C04FBBCFA2}{D02B1F72-3407-48AE-BA88-E8213C6761F1}]]]></MachineExtensionGuids><UserExtensionGuids/><WMIFilter/></GroupPolicyCoreSettings> 
        <GroupPolicyExtension bkp:ID="{35378EAC-683F-11D2-A89A-00C04FBBCFA2}" bkp:DescName="Registry">
            <FSObjectFile bkp:Path="%GPO_MACH_FSPATH%\registry.pol" bkp:SourceExpandedPath="\\WIN-TEOSGGLJ4GN.motocorp.org\sysvol\motocorp.org\Policies\{0F8CF1EC-06E7-467B-859D-DD59D71568A8}\Machine\registry.pol" bkp:Location="DomainSysvol\GPO\Machine\registry.pol"/>
            
            <FSObjectFile bkp:Path="%GPO_FSPATH%\Adm\*.*" bkp:SourceExpandedPath="\\WIN-TEOSGGLJ4GN.motocorp.org\sysvol\motocorp.org\Policies\{0F8CF1EC-06E7-467B-859D-DD59D71568A8}\Adm\*.*"/>
        </GroupPolicyExtension>
        
        
        
        
        
        
        
        
        
    <GroupPolicyExtension bkp:ID="{F15C46CD-82A0-4C2D-A210-5D0D3182A418}" bkp:DescName="Unknown Extension"/></GroupPolicyObject>
</GroupPolicyBackupScheme>