<BackupInst xmlns="http://www.microsoft.com/GroupPolicy/GPOOperations/Manifest"><GPOGuid><![CDATA[{0F8CF1EC-06E7-467B-859D-DD59D71568A8}]]></GPOGuid><GPODomain><![CDATA[motocorp.org]]></GPODomain><GPODomainGuid><![CDATA[{112a34d2-6abe-4f87-be67-af24f670a98f}]]></GPODomainGuid><GPODomainController><![CDATA[WIN-TEOSGGLJ4GN.motocorp.org]]></GPODomainController><BackupTime><![CDATA[2025-04-10T06:34:43]]></BackupTime><ID><![CDATA[{F99C9DC5-C9F8-4C54-855D-23CA91CA7E7E}]]></ID><Comment><![CDATA[]]></Comment><GPODisplayName><![CDATA[Good-GPO]]></GPODisplayName></BackupInst>
