<BackupInst xmlns="http://www.microsoft.com/GroupPolicy/GPOOperations/Manifest"><GPOGuid><![CDATA[{8CF6F626-5833-41BB-9A9D-CAFB0B636E62}]]></GPOGuid><GPODomain><![CDATA[motocorp.org]]></GPODomain><GPODomainGuid><![CDATA[{112a34d2-6abe-4f87-be67-af24f670a98f}]]></GPODomainGuid><GPODomainController><![CDATA[WIN-TEOSGGLJ4GN.motocorp.org]]></GPODomainController><BackupTime><![CDATA[2025-04-10T06:34:46]]></BackupTime><ID><![CDATA[{878525BA-78FC-4D60-B2A1-C66E712A6EAD}]]></ID><Comment><![CDATA[]]></Comment><GPODisplayName><![CDATA[Mail Servers Firewall Policy]]></GPODisplayName></BackupInst>
