<BackupInst xmlns="http://www.microsoft.com/GroupPolicy/GPOOperations/Manifest"><GPOGuid><![CDATA[{611B23AD-832C-4032-A95F-F223FA8AE4A9}]]></GPOGuid><GPODomain><![CDATA[motocorp.org]]></GPODomain><GPODomainGuid><![CDATA[{112a34d2-6abe-4f87-be67-af24f670a98f}]]></GPODomainGuid><GPODomainController><![CDATA[WIN-TEOSGGLJ4GN.motocorp.org]]></GPODomainController><BackupTime><![CDATA[2025-04-10T06:34:45]]></BackupTime><ID><![CDATA[{B39B6270-9D3A-4881-8A2B-7FA8B5DF4FE9}]]></ID><Comment><![CDATA[]]></Comment><GPODisplayName><![CDATA[Domain GPO Update Interval]]></GPODisplayName></BackupInst>
