<BackupInst xmlns="http://www.microsoft.com/GroupPolicy/GPOOperations/Manifest"><GPOGuid><![CDATA[{BA81C4C3-41F6-415A-AE62-691D72809316}]]></GPOGuid><GPODomain><![CDATA[motocorp.org]]></GPODomain><GPODomainGuid><![CDATA[{112a34d2-6abe-4f87-be67-af24f670a98f}]]></GPODomainGuid><GPODomainController><![CDATA[WIN-TEOSGGLJ4GN.motocorp.org]]></GPODomainController><BackupTime><![CDATA[2025-04-10T06:34:47]]></BackupTime><ID><![CDATA[{A3C94A29-9136-44F8-BB0E-EE403AF937CC}]]></ID><Comment><![CDATA[]]></Comment><GPODisplayName><![CDATA[DC Allow AD]]></GPODisplayName></BackupInst>
