<BackupInst xmlns="http://www.microsoft.com/GroupPolicy/GPOOperations/Manifest"><GPOGuid><![CDATA[{34AB4AB7-956C-4349-A8C9-E6519176BF47}]]></GPOGuid><GPODomain><![CDATA[motocorp.org]]></GPODomain><GPODomainGuid><![CDATA[{112a34d2-6abe-4f87-be67-af24f670a98f}]]></GPODomainGuid><GPODomainController><![CDATA[WIN-TEOSGGLJ4GN.motocorp.org]]></GPODomainController><BackupTime><![CDATA[2025-04-10T06:34:44]]></BackupTime><ID><![CDATA[{2171A7B4-C5F4-4F48-A64B-4E95C605FB3C}]]></ID><Comment><![CDATA[]]></Comment><GPODisplayName><![CDATA[Domain Splomk]]></GPODisplayName></BackupInst>
