<BackupInst xmlns="http://www.microsoft.com/GroupPolicy/GPOOperations/Manifest"><GPOGuid><![CDATA[{B20C7C81-C71B-41B3-B085-7A421AC3BE4D}]]></GPOGuid><GPODomain><![CDATA[motocorp.org]]></GPODomain><GPODomainGuid><![CDATA[{112a34d2-6abe-4f87-be67-af24f670a98f}]]></GPODomainGuid><GPODomainController><![CDATA[WIN-TEOSGGLJ4GN.motocorp.org]]></GPODomainController><BackupTime><![CDATA[2025-04-09T06:22:29]]></BackupTime><ID><![CDATA[{AA06BFED-9939-4A84-8AE9-28C6A24068A6}]]></ID><Comment><![CDATA[]]></Comment><GPODisplayName><![CDATA[Web Servers Firewall Policy]]></GPODisplayName></BackupInst>
