<BackupInst xmlns="http://www.microsoft.com/GroupPolicy/GPOOperations/Manifest"><GPOGuid><![CDATA[{72CF04B7-E7BC-4A44-9428-2C6B2506E326}]]></GPOGuid><GPODomain><![CDATA[motocorp.org]]></GPODomain><GPODomainGuid><![CDATA[{112a34d2-6abe-4f87-be67-af24f670a98f}]]></GPODomainGuid><GPODomainController><![CDATA[WIN-TEOSGGLJ4GN.motocorp.org]]></GPODomainController><BackupTime><![CDATA[2025-04-09T06:22:28]]></BackupTime><ID><![CDATA[{2732BCE3-103A-4471-924A-0ED5609AE8BE}]]></ID><Comment><![CDATA[]]></Comment><GPODisplayName><![CDATA[Workstations RDP Enable]]></GPODisplayName></BackupInst>
