<BackupInst xmlns="http://www.microsoft.com/GroupPolicy/GPOOperations/Manifest"><GPOGuid><![CDATA[{B79813A1-DB17-40B1-BF34-D7113141D270}]]></GPOGuid><GPODomain><![CDATA[motocorp.org]]></GPODomain><GPODomainGuid><![CDATA[{112a34d2-6abe-4f87-be67-af24f670a98f}]]></GPODomainGuid><GPODomainController><![CDATA[WIN-TEOSGGLJ4GN.motocorp.org]]></GPODomainController><BackupTime><![CDATA[2025-04-10T06:34:46]]></BackupTime><ID><![CDATA[{00C38CA9-A53C-4CCF-A15F-E5BF927C43CE}]]></ID><Comment><![CDATA[]]></Comment><GPODisplayName><![CDATA[Web Servers Firewall Policy]]></GPODisplayName></BackupInst>
