<BackupInst xmlns="http://www.microsoft.com/GroupPolicy/GPOOperations/Manifest"><GPOGuid><![CDATA[{11A8C4F4-4B0A-416E-9414-ECD9D0F8D1B8}]]></GPOGuid><GPODomain><![CDATA[motocorp.org]]></GPODomain><GPODomainGuid><![CDATA[{112a34d2-6abe-4f87-be67-af24f670a98f}]]></GPODomainGuid><GPODomainController><![CDATA[WIN-TEOSGGLJ4GN.motocorp.org]]></GPODomainController><BackupTime><![CDATA[2025-04-10T06:34:44]]></BackupTime><ID><![CDATA[{CC6E58C4-ABB0-4C5C-B0D5-9E8C56FB2FEC}]]></ID><Comment><![CDATA[]]></Comment><GPODisplayName><![CDATA[Databases Firewall Policy]]></GPODisplayName></BackupInst>
