<BackupInst xmlns="http://www.microsoft.com/GroupPolicy/GPOOperations/Manifest"><GPOGuid><![CDATA[{58571092-4D6C-421B-8C16-F3943EC3759F}]]></GPOGuid><GPODomain><![CDATA[motocorp.org]]></GPODomain><GPODomainGuid><![CDATA[{112a34d2-6abe-4f87-be67-af24f670a98f}]]></GPODomainGuid><GPODomainController><![CDATA[WIN-TEOSGGLJ4GN.motocorp.org]]></GPODomainController><BackupTime><![CDATA[2025-04-10T06:34:45]]></BackupTime><ID><![CDATA[{CE93D39B-1489-4397-9631-A73F8E3D0404}]]></ID><Comment><![CDATA[]]></Comment><GPODisplayName><![CDATA[Domain Allow AD + Core + Default Block]]></GPODisplayName></BackupInst>
