<BackupInst xmlns="http://www.microsoft.com/GroupPolicy/GPOOperations/Manifest"><GPOGuid><![CDATA[{7D5D47D9-A807-45B5-A2DE-7B19F9BF01CF}]]></GPOGuid><GPODomain><![CDATA[motocorp.org]]></GPODomain><GPODomainGuid><![CDATA[{112a34d2-6abe-4f87-be67-af24f670a98f}]]></GPODomainGuid><GPODomainController><![CDATA[WIN-TEOSGGLJ4GN.motocorp.org]]></GPODomainController><BackupTime><![CDATA[2025-04-09T06:22:28]]></BackupTime><ID><![CDATA[{58B319CD-AB85-4506-8A8F-E188AC656459}]]></ID><Comment><![CDATA[]]></Comment><GPODisplayName><![CDATA[Databases Firewall Policy]]></GPODisplayName></BackupInst>
