<BackupInst xmlns="http://www.microsoft.com/GroupPolicy/GPOOperations/Manifest"><GPOGuid><![CDATA[{FBF09C1F-33D5-4865-B05B-3490834CC3FA}]]></GPOGuid><GPODomain><![CDATA[motocorp.org]]></GPODomain><GPODomainGuid><![CDATA[{112a34d2-6abe-4f87-be67-af24f670a98f}]]></GPODomainGuid><GPODomainController><![CDATA[WIN-TEOSGGLJ4GN.motocorp.org]]></GPODomainController><BackupTime><![CDATA[2025-04-09T06:22:29]]></BackupTime><ID><![CDATA[{D9F8964E-3EBD-46FC-82D6-8787C1347F9B}]]></ID><Comment><![CDATA[]]></Comment><GPODisplayName><![CDATA[Domain GPO Update Interval]]></GPODisplayName></BackupInst>
