<BackupInst xmlns="http://www.microsoft.com/GroupPolicy/GPOOperations/Manifest"><GPOGuid><![CDATA[{BD59358D-28A6-4E78-9C4C-566C9AAE8997}]]></GPOGuid><GPODomain><![CDATA[motocorp.org]]></GPODomain><GPODomainGuid><![CDATA[{112a34d2-6abe-4f87-be67-af24f670a98f}]]></GPODomainGuid><GPODomainController><![CDATA[WIN-TEOSGGLJ4GN.motocorp.org]]></GPODomainController><BackupTime><![CDATA[2025-04-09T06:22:29]]></BackupTime><ID><![CDATA[{F96C110F-B3B4-408B-A0BE-C8C662C20089}]]></ID><Comment><![CDATA[]]></Comment><GPODisplayName><![CDATA[Domain Splomk]]></GPODisplayName></BackupInst>
