<BackupInst xmlns="http://www.microsoft.com/GroupPolicy/GPOOperations/Manifest"><GPOGuid><![CDATA[{2F475C05-8A1F-40B5-850F-A7EDC7E03032}]]></GPOGuid><GPODomain><![CDATA[motocorp.org]]></GPODomain><GPODomainGuid><![CDATA[{112a34d2-6abe-4f87-be67-af24f670a98f}]]></GPODomainGuid><GPODomainController><![CDATA[WIN-TEOSGGLJ4GN.motocorp.org]]></GPODomainController><BackupTime><![CDATA[2025-04-09T06:22:23]]></BackupTime><ID><![CDATA[{B692EF50-EC44-4B0D-BE02-90D971CF62AF}]]></ID><Comment><![CDATA[]]></Comment><GPODisplayName><![CDATA[DC Allow AD]]></GPODisplayName></BackupInst>
